<?xml version="1.0" encoding="UTF-8"?>
<project-private xmlns="http://www.netbeans.org/ns/project-private/1">
    <editor-bookmarks xmlns="http://www.netbeans.org/ns/editor-bookmarks/2" lastBookmarkId="0"/>
    <open-files xmlns="http://www.netbeans.org/ns/projectui-open-files/2">
        <group>
            <file>file:/C:/Users/fista/Documents/NetBeansProjects/JavaClassWork/Java2Lab3/src/fxml/FXMLDoc.fxml</file>
            <file>file:/C:/Users/fista/Documents/NetBeansProjects/JavaClassWork/Java2Lab3/src/controller/FXMLDocumentController.java</file>
            <file>file:/C:/Users/fista/Documents/NetBeansProjects/JavaClassWork/Java2Lab3/src/application/Java2Lab3.java</file>
            <file>file:/C:/Users/fista/Documents/NetBeansProjects/JavaClassWork/Java2Lab3/src/styles/style.css</file>
        </group>
    </open-files>
</project-private>
